img,threeD,in:Iteration,in:Rotation,in:Terrace,in:MaxHeight,out:AverageView,out:AreaDaylightFacade,out:AreaDaylightPlaza,out:AverageSkyExposurePlaza
https://s3.amazonaws.com/2656-de/design_explorer_data/kpf/Images/00000.jpg,design_explorer_data/kpf/Json/00000.json,0,0,0.1,304.5,0.740001,121418,15543.26956,0.512554
https://s3.amazonaws.com/2656-de/design_explorer_data/kpf/Images/00001.jpg,design_explorer_data/kpf/Json/00001.json,1,0,0.2,304.5,0.727289,118976,13543.26956,0.506843
https://s3.amazonaws.com/2656-de/design_explorer_data/kpf/Images/00002.jpg,design_explorer_data/kpf/Json/00002.json,2,0,0.3,282.5,0.698451,113740,12293.26956,0.495923
https://s3.amazonaws.com/2656-de/design_explorer_data/kpf/Images/00003.jpg,design_explorer_data/kpf/Json/00003.json,3,0,0.4,271.5,0.682882,110528,12293.26956,0.493198
https://s3.amazonaws.com/2656-de/design_explorer_data/kpf/Images/00004.jpg,design_explorer_data/kpf/Json/00004.json,4,0,0.5,260.5,0.670572,107118,12293.26956,0.492276
https://s3.amazonaws.com/2656-de/design_explorer_data/kpf/Images/00005.jpg,design_explorer_data/kpf/Json/00005.json,5,0,0.6,260.5,0.665588,106293,12293.26956,0.490861
https://s3.amazonaws.com/2656-de/design_explorer_data/kpf/Images/00006.jpg,design_explorer_data/kpf/Json/00006.json,6,0,0.7,249.5,0.64383,102421,12293.26956,0.487431
https://s3.amazonaws.com/2656-de/design_explorer_data/kpf/Images/00007.jpg,design_explorer_data/kpf/Json/00007.json,7,0,0.8,227.5,0.624301,99374,12293.26956,0.485229
https://s3.amazonaws.com/2656-de/design_explorer_data/kpf/Images/00008.jpg,design_explorer_data/kpf/Json/00008.json,8,0,0.9,227.5,0.614797,98912,12293.26956,0.484366
https://s3.amazonaws.com/2656-de/design_explorer_data/kpf/Images/00009.jpg,design_explorer_data/kpf/Json/00009.json,9,0,1,216.5,0.605714,98175,12293.26956,0.482648
https://s3.amazonaws.com/2656-de/design_explorer_data/kpf/Images/00010.jpg,design_explorer_data/kpf/Json/00010.json,10,-10,0.1,304.5,0.738495,118541.7634,16584.66103,0.51078
https://s3.amazonaws.com/2656-de/design_explorer_data/kpf/Images/00011.jpg,design_explorer_data/kpf/Json/00011.json,11,-10,0.2,304.5,0.726828,116263.0117,14209.66103,0.504659
https://s3.amazonaws.com/2656-de/design_explorer_data/kpf/Images/00012.jpg,design_explorer_data/kpf/Json/00012.json,12,-10,0.3,282.5,0.700733,111240.6359,12859.66103,0.492748
https://s3.amazonaws.com/2656-de/design_explorer_data/kpf/Images/00013.jpg,design_explorer_data/kpf/Json/00013.json,13,-10,0.4,271.5,0.686697,108238.3541,12859.66103,0.48982
https://s3.amazonaws.com/2656-de/design_explorer_data/kpf/Images/00014.jpg,design_explorer_data/kpf/Json/00014.json,14,-10,0.5,260.5,0.675767,105008.9783,12859.66103,0.48871
https://s3.amazonaws.com/2656-de/design_explorer_data/kpf/Images/00015.jpg,design_explorer_data/kpf/Json/00015.json,15,-10,0.6,260.5,0.671171,104166.6025,12859.66103,0.48725
https://s3.amazonaws.com/2656-de/design_explorer_data/kpf/Images/00016.jpg,design_explorer_data/kpf/Json/00016.json,16,-10,0.7,249.5,0.651745,100582.0387,12859.66103,0.483794
https://s3.amazonaws.com/2656-de/design_explorer_data/kpf/Images/00017.jpg,design_explorer_data/kpf/Json/00017.json,17,-10,0.8,227.5,0.634324,97971.85085,12859.66103,0.481656
https://s3.amazonaws.com/2656-de/design_explorer_data/kpf/Images/00018.jpg,design_explorer_data/kpf/Json/00018.json,18,-10,0.9,227.5,0.625758,97463.38109,12859.66103,0.480627
https://s3.amazonaws.com/2656-de/design_explorer_data/kpf/Images/00019.jpg,design_explorer_data/kpf/Json/00019.json,19,-10,1,216.5,0.617769,96689.47504,12859.66103,0.478294
https://s3.amazonaws.com/2656-de/design_explorer_data/kpf/Images/00020.jpg,design_explorer_data/kpf/Json/00020.json,20,-20,0.1,370.5,0.777443,121975.5938,22851,0.528451
https://s3.amazonaws.com/2656-de/design_explorer_data/kpf/Images/00021.jpg,design_explorer_data/kpf/Json/00021.json,21,-20,0.2,359.5,0.772998,119918.5938,22701,0.52665
https://s3.amazonaws.com/2656-de/design_explorer_data/kpf/Images/00022.jpg,design_explorer_data/kpf/Json/00022.json,22,-20,0.3,348.5,0.765276,117960.5938,22701,0.523546
https://s3.amazonaws.com/2656-de/design_explorer_data/kpf/Images/00023.jpg,design_explorer_data/kpf/Json/00023.json,23,-20,0.4,337.5,0.757401,116101.5938,22626,0.521045
https://s3.amazonaws.com/2656-de/design_explorer_data/kpf/Images/00024.jpg,design_explorer_data/kpf/Json/00024.json,24,-20,0.5,315.5,0.746935,112283.401,22603,0.519526
https://s3.amazonaws.com/2656-de/design_explorer_data/kpf/Images/00025.jpg,design_explorer_data/kpf/Json/00025.json,25,-20,0.6,304.5,0.739451,111720.6214,22727,0.516375
https://s3.amazonaws.com/2656-de/design_explorer_data/kpf/Images/00026.jpg,design_explorer_data/kpf/Json/00026.json,26,-20,0.7,293.5,0.732816,110059.6214,22802,0.515697
https://s3.amazonaws.com/2656-de/design_explorer_data/kpf/Images/00027.jpg,design_explorer_data/kpf/Json/00027.json,27,-20,0.8,282.5,0.724829,108683.7316,22827,0.514476
https://s3.amazonaws.com/2656-de/design_explorer_data/kpf/Images/00028.jpg,design_explorer_data/kpf/Json/00028.json,28,-20,0.9,271.5,0.721071,109526.8693,22702,0.513096
https://s3.amazonaws.com/2656-de/design_explorer_data/kpf/Images/00029.jpg,design_explorer_data/kpf/Json/00029.json,29,-20,1,260.5,0.716423,108810.9795,22802,0.512852
https://s3.amazonaws.com/2656-de/design_explorer_data/kpf/Images/00030.jpg,design_explorer_data/kpf/Json/00030.json,30,-30,0.1,403.5,0.790026,123813.3722,22924.82385,0.513526
https://s3.amazonaws.com/2656-de/design_explorer_data/kpf/Images/00031.jpg,design_explorer_data/kpf/Json/00031.json,31,-30,0.2,392.5,0.78596,122372.7334,22099.82385,0.511361
https://s3.amazonaws.com/2656-de/design_explorer_data/kpf/Images/00032.jpg,design_explorer_data/kpf/Json/00032.json,32,-30,0.3,370.5,0.777742,120315.8062,22024.82385,0.507686
https://s3.amazonaws.com/2656-de/design_explorer_data/kpf/Images/00033.jpg,design_explorer_data/kpf/Json/00033.json,33,-30,0.4,370.5,0.772408,119479.9387,21924.82385,0.504956
https://s3.amazonaws.com/2656-de/design_explorer_data/kpf/Images/00034.jpg,design_explorer_data/kpf/Json/00034.json,34,-30,0.5,348.5,0.763309,116400.6555,21800.82385,0.503426
https://s3.amazonaws.com/2656-de/design_explorer_data/kpf/Images/00035.jpg,design_explorer_data/kpf/Json/00035.json,35,-30,0.6,326.5,0.753921,115056.4541,21925.82385,0.500103
https://s3.amazonaws.com/2656-de/design_explorer_data/kpf/Images/00036.jpg,design_explorer_data/kpf/Json/00036.json,36,-30,0.7,315.5,0.748467,113715.5474,22000.82385,0.499232
https://s3.amazonaws.com/2656-de/design_explorer_data/kpf/Images/00037.jpg,design_explorer_data/kpf/Json/00037.json,37,-30,0.8,304.5,0.739723,113238.1338,21976.82385,0.496472
https://s3.amazonaws.com/2656-de/design_explorer_data/kpf/Images/00038.jpg,design_explorer_data/kpf/Json/00038.json,38,-30,0.9,293.5,0.737292,113248.1132,22026.82385,0.496147
https://s3.amazonaws.com/2656-de/design_explorer_data/kpf/Images/00039.jpg,design_explorer_data/kpf/Json/00039.json,39,-30,1,282.5,0.732605,113551.5967,22176.82385,0.495413
https://s3.amazonaws.com/2656-de/design_explorer_data/kpf/Images/00040.jpg,design_explorer_data/kpf/Json/00040.json,40,-40,0.1,491.5,0.891146,156558.9101,44571,0.571492
https://s3.amazonaws.com/2656-de/design_explorer_data/kpf/Images/00041.jpg,design_explorer_data/kpf/Json/00041.json,41,-40,0.2,469.5,0.887715,155758.393,44321,0.568318
https://s3.amazonaws.com/2656-de/design_explorer_data/kpf/Images/00042.jpg,design_explorer_data/kpf/Json/00042.json,42,-40,0.3,458.5,0.885598,153668.393,44146,0.567689
https://s3.amazonaws.com/2656-de/design_explorer_data/kpf/Images/00043.jpg,design_explorer_data/kpf/Json/00043.json,43,-40,0.4,436.5,0.882372,153131.8759,43646,0.565143
https://s3.amazonaws.com/2656-de/design_explorer_data/kpf/Images/00044.jpg,design_explorer_data/kpf/Json/00044.json,44,-40,0.5,425.5,0.880261,151041.8759,43471,0.565024
https://s3.amazonaws.com/2656-de/design_explorer_data/kpf/Images/00045.jpg,design_explorer_data/kpf/Json/00045.json,45,-40,0.6,414.5,0.879015,151216.5531,43171,0.564105
https://s3.amazonaws.com/2656-de/design_explorer_data/kpf/Images/00046.jpg,design_explorer_data/kpf/Json/00046.json,46,-40,0.7,392.5,0.875275,148679.3589,42846,0.564006
https://s3.amazonaws.com/2656-de/design_explorer_data/kpf/Images/00047.jpg,design_explorer_data/kpf/Json/00047.json,47,-40,0.8,381.5,0.874128,148750.1974,42796,0.563168
https://s3.amazonaws.com/2656-de/design_explorer_data/kpf/Images/00048.jpg,design_explorer_data/kpf/Json/00048.json,48,-40,0.9,359.5,0.870516,144923.5203,42771,0.564015
https://s3.amazonaws.com/2656-de/design_explorer_data/kpf/Images/00049.jpg,design_explorer_data/kpf/Json/00049.json,49,-40,1,348.5,0.869393,146028.6489,42721,0.562724
https://s3.amazonaws.com/2656-de/design_explorer_data/kpf/Images/00050.jpg,design_explorer_data/kpf/Json/00050.json,50,-50,0.1,491.5,0.88709,165272.8979,42374,0.544933
https://s3.amazonaws.com/2656-de/design_explorer_data/kpf/Images/00051.jpg,design_explorer_data/kpf/Json/00051.json,51,-50,0.2,469.5,0.882991,165001.5975,41924,0.540996
https://s3.amazonaws.com/2656-de/design_explorer_data/kpf/Images/00052.jpg,design_explorer_data/kpf/Json/00052.json,52,-50,0.3,458.5,0.880414,162927.744,41749,0.539987
https://s3.amazonaws.com/2656-de/design_explorer_data/kpf/Images/00053.jpg,design_explorer_data/kpf/Json/00053.json,53,-50,0.4,436.5,0.87656,162953.4436,41274,0.536894
https://s3.amazonaws.com/2656-de/design_explorer_data/kpf/Images/00054.jpg,design_explorer_data/kpf/Json/00054.json,54,-50,0.5,425.5,0.873987,160879.5901,41024,0.536819
https://s3.amazonaws.com/2656-de/design_explorer_data/kpf/Images/00055.jpg,design_explorer_data/kpf/Json/00055.json,55,-50,0.6,414.5,0.872456,161384.1432,40474,0.535481
https://s3.amazonaws.com/2656-de/design_explorer_data/kpf/Images/00056.jpg,design_explorer_data/kpf/Json/00056.json,56,-50,0.7,392.5,0.867936,159095.4363,40049,0.535172
https://s3.amazonaws.com/2656-de/design_explorer_data/kpf/Images/00057.jpg,design_explorer_data/kpf/Json/00057.json,57,-50,0.8,381.5,0.866535,159475.3227,40024,0.53405
https://s3.amazonaws.com/2656-de/design_explorer_data/kpf/Images/00058.jpg,design_explorer_data/kpf/Json/00058.json,58,-50,0.9,370.5,0.864002,156888.1359,39999,0.534447
https://s3.amazonaws.com/2656-de/design_explorer_data/kpf/Images/00059.jpg,design_explorer_data/kpf/Json/00059.json,59,-50,1,348.5,0.860784,156415.1688,39874,0.533525
https://s3.amazonaws.com/2656-de/design_explorer_data/kpf/Images/00060.jpg,design_explorer_data/kpf/Json/00060.json,60,-60,0.1,414.5,0.854364,153372.3391,43473,0.563489
https://s3.amazonaws.com/2656-de/design_explorer_data/kpf/Images/00061.jpg,design_explorer_data/kpf/Json/00061.json,61,-60,0.2,403.5,0.847938,152172.147,43248,0.561247
https://s3.amazonaws.com/2656-de/design_explorer_data/kpf/Images/00062.jpg,design_explorer_data/kpf/Json/00062.json,62,-60,0.3,392.5,0.837852,151971.7628,42523,0.557147
https://s3.amazonaws.com/2656-de/design_explorer_data/kpf/Images/00063.jpg,design_explorer_data/kpf/Json/00063.json,63,-60,0.4,381.5,0.832343,150866.8335,42298,0.556153
https://s3.amazonaws.com/2656-de/design_explorer_data/kpf/Images/00064.jpg,design_explorer_data/kpf/Json/00064.json,64,-60,0.5,359.5,0.823861,147625.4128,41998,0.555167
https://s3.amazonaws.com/2656-de/design_explorer_data/kpf/Images/00065.jpg,design_explorer_data/kpf/Json/00065.json,65,-60,0.6,348.5,0.814896,147647.3085,41823,0.553149
https://s3.amazonaws.com/2656-de/design_explorer_data/kpf/Images/00066.jpg,design_explorer_data/kpf/Json/00066.json,66,-60,0.7,337.5,0.808514,146447.1164,41698,0.552849
https://s3.amazonaws.com/2656-de/design_explorer_data/kpf/Images/00067.jpg,design_explorer_data/kpf/Json/00067.json,67,-60,0.8,326.5,0.802636,145114.9243,41648,0.552316
https://s3.amazonaws.com/2656-de/design_explorer_data/kpf/Images/00068.jpg,design_explorer_data/kpf/Json/00068.json,68,-60,0.9,304.5,0.793245,144176.9852,41598,0.552078
https://s3.amazonaws.com/2656-de/design_explorer_data/kpf/Images/00069.jpg,design_explorer_data/kpf/Json/00069.json,69,-60,1,304.5,0.792421,142844.7931,41523,0.552043
https://s3.amazonaws.com/2656-de/design_explorer_data/kpf/Images/00070.jpg,design_explorer_data/kpf/Json/00070.json,70,-70,0.1,414.5,0.864888,148581.0268,42973,0.581747
https://s3.amazonaws.com/2656-de/design_explorer_data/kpf/Images/00071.jpg,design_explorer_data/kpf/Json/00071.json,71,-70,0.2,403.5,0.858144,147281.2472,42748,0.579409
https://s3.amazonaws.com/2656-de/design_explorer_data/kpf/Images/00072.jpg,design_explorer_data/kpf/Json/00072.json,72,-70,0.3,392.5,0.851362,145981.4675,42148,0.577036
https://s3.amazonaws.com/2656-de/design_explorer_data/kpf/Images/00073.jpg,design_explorer_data/kpf/Json/00073.json,73,-70,0.4,370.5,0.839497,143381.9083,42148,0.574666
https://s3.amazonaws.com/2656-de/design_explorer_data/kpf/Images/00074.jpg,design_explorer_data/kpf/Json/00074.json,74,-70,0.5,359.5,0.832609,142082.1286,42123,0.573331
https://s3.amazonaws.com/2656-de/design_explorer_data/kpf/Images/00075.jpg,design_explorer_data/kpf/Json/00075.json,75,-70,0.6,348.5,0.826589,140872.4316,42123,0.572459
https://s3.amazonaws.com/2656-de/design_explorer_data/kpf/Images/00076.jpg,design_explorer_data/kpf/Json/00076.json,76,-70,0.7,337.5,0.819621,139539.652,42073,0.571704
https://s3.amazonaws.com/2656-de/design_explorer_data/kpf/Images/00077.jpg,design_explorer_data/kpf/Json/00077.json,77,-70,0.8,326.5,0.812697,138140.8723,42023,0.571073
https://s3.amazonaws.com/2656-de/design_explorer_data/kpf/Images/00078.jpg,design_explorer_data/kpf/Json/00078.json,78,-70,0.9,304.5,0.801874,135901.6435,41998,0.570614
https://s3.amazonaws.com/2656-de/design_explorer_data/kpf/Images/00079.jpg,design_explorer_data/kpf/Json/00079.json,79,-70,1,293.5,0.796787,134439.8364,41898,0.570391
https://s3.amazonaws.com/2656-de/design_explorer_data/kpf/Images/00080.jpg,design_explorer_data/kpf/Json/00080.json,80,-80,0.1,304.5,0.756279,118237.1791,34790,0.542927
https://s3.amazonaws.com/2656-de/design_explorer_data/kpf/Images/00081.jpg,design_explorer_data/kpf/Json/00081.json,81,-80,0.2,304.5,0.744244,118237.1791,34515,0.537254
https://s3.amazonaws.com/2656-de/design_explorer_data/kpf/Images/00082.jpg,design_explorer_data/kpf/Json/00082.json,82,-80,0.3,282.5,0.717907,116195.4005,32965,0.527754
https://s3.amazonaws.com/2656-de/design_explorer_data/kpf/Images/00083.jpg,design_explorer_data/kpf/Json/00083.json,83,-80,0.4,271.5,0.703853,114800.8702,32415,0.524778
https://s3.amazonaws.com/2656-de/design_explorer_data/kpf/Images/00084.jpg,design_explorer_data/kpf/Json/00084.json,84,-80,0.5,260.5,0.693068,112629.9642,32415,0.524399
https://s3.amazonaws.com/2656-de/design_explorer_data/kpf/Images/00085.jpg,design_explorer_data/kpf/Json/00085.json,85,-80,0.6,260.5,0.688135,112600.8702,32115,0.522652
https://s3.amazonaws.com/2656-de/design_explorer_data/kpf/Images/00086.jpg,design_explorer_data/kpf/Json/00086.json,86,-80,0.7,249.5,0.668083,111206.34,31790,0.520425
https://s3.amazonaws.com/2656-de/design_explorer_data/kpf/Images/00087.jpg,design_explorer_data/kpf/Json/00087.json,87,-80,0.8,227.5,0.650038,109957.2795,31365,0.519665
https://s3.amazonaws.com/2656-de/design_explorer_data/kpf/Images/00088.jpg,design_explorer_data/kpf/Json/00088.json,88,-80,0.9,227.5,0.640937,109957.2795,30915,0.518828
https://s3.amazonaws.com/2656-de/design_explorer_data/kpf/Images/00089.jpg,design_explorer_data/kpf/Json/00089.json,89,-80,1,216.5,0.632818,109397.313,30915,0.51735
https://s3.amazonaws.com/2656-de/design_explorer_data/kpf/Images/00090.jpg,design_explorer_data/kpf/Json/00090.json,90,-90,0.1,304.5,0.765244,110440,32765,0.547375
https://s3.amazonaws.com/2656-de/design_explorer_data/kpf/Images/00091.jpg,design_explorer_data/kpf/Json/00091.json,91,-90,0.2,304.5,0.752117,110440,32415,0.541248
https://s3.amazonaws.com/2656-de/design_explorer_data/kpf/Images/00092.jpg,design_explorer_data/kpf/Json/00092.json,92,-90,0.3,282.5,0.723742,108020,31540,0.531303
https://s3.amazonaws.com/2656-de/design_explorer_data/kpf/Images/00093.jpg,design_explorer_data/kpf/Json/00093.json,93,-90,0.4,271.5,0.708176,106480,30265,0.528203
https://s3.amazonaws.com/2656-de/design_explorer_data/kpf/Images/00094.jpg,design_explorer_data/kpf/Json/00094.json,94,-90,0.5,260.5,0.696364,104280,30265,0.528035
https://s3.amazonaws.com/2656-de/design_explorer_data/kpf/Images/00095.jpg,design_explorer_data/kpf/Json/00095.json,95,-90,0.6,260.5,0.690943,104280,30015,0.526158
https://s3.amazonaws.com/2656-de/design_explorer_data/kpf/Images/00096.jpg,design_explorer_data/kpf/Json/00096.json,96,-90,0.7,249.5,0.668619,102740,30015,0.523799
https://s3.amazonaws.com/2656-de/design_explorer_data/kpf/Images/00097.jpg,design_explorer_data/kpf/Json/00097.json,97,-90,0.8,227.5,0.648652,101200,30015,0.522717
https://s3.amazonaws.com/2656-de/design_explorer_data/kpf/Images/00098.jpg,design_explorer_data/kpf/Json/00098.json,98,-90,0.9,227.5,0.63831,101200,30015,0.52197
https://s3.amazonaws.com/2656-de/design_explorer_data/kpf/Images/00099.jpg,design_explorer_data/kpf/Json/00099.json,99,-90,1,216.5,0.629204,100320,30015,0.520439
https://s3.amazonaws.com/2656-de/design_explorer_data/kpf/Images/00100.jpg,design_explorer_data/kpf/Json/00100.json,100,-100,0.1,337.5,0.792849,121084.4275,36416,0.559247
https://s3.amazonaws.com/2656-de/design_explorer_data/kpf/Images/00101.jpg,design_explorer_data/kpf/Json/00101.json,101,-100,0.2,326.5,0.76971,121860.8033,36166,0.549696
https://s3.amazonaws.com/2656-de/design_explorer_data/kpf/Images/00102.jpg,design_explorer_data/kpf/Json/00102.json,102,-100,0.3,315.5,0.760246,119660.8033,36166,0.549027
https://s3.amazonaws.com/2656-de/design_explorer_data/kpf/Images/00103.jpg,design_explorer_data/kpf/Json/00103.json,103,-100,0.4,304.5,0.752848,118237.1791,36166,0.546507
https://s3.amazonaws.com/2656-de/design_explorer_data/kpf/Images/00104.jpg,design_explorer_data/kpf/Json/00104.json,104,-100,0.5,293.5,0.730709,119042.6488,36166,0.540076
https://s3.amazonaws.com/2656-de/design_explorer_data/kpf/Images/00105.jpg,design_explorer_data/kpf/Json/00105.json,105,-100,0.6,282.5,0.720639,116842.6488,36166,0.540136
https://s3.amazonaws.com/2656-de/design_explorer_data/kpf/Images/00106.jpg,design_explorer_data/kpf/Json/00106.json,106,-100,0.7,260.5,0.697622,116224.4944,36166,0.536345
https://s3.amazonaws.com/2656-de/design_explorer_data/kpf/Images/00107.jpg,design_explorer_data/kpf/Json/00107.json,107,-100,0.8,260.5,0.692879,116311.7763,36166,0.535548
https://s3.amazonaws.com/2656-de/design_explorer_data/kpf/Images/00108.jpg,design_explorer_data/kpf/Json/00108.json,108,-100,0.9,249.5,0.684044,114111.7763,36166,0.536244
https://s3.amazonaws.com/2656-de/design_explorer_data/kpf/Images/00109.jpg,design_explorer_data/kpf/Json/00109.json,109,-100,1,238.5,0.676638,114888.1521,36166,0.534996
https://s3.amazonaws.com/2656-de/design_explorer_data/kpf/Images/00110.jpg,design_explorer_data/kpf/Json/00110.json,110,-110,0.1,370.5,0.821098,134564.4608,41416,0.567268
https://s3.amazonaws.com/2656-de/design_explorer_data/kpf/Images/00111.jpg,design_explorer_data/kpf/Json/00111.json,111,-110,0.2,359.5,0.813456,132364.4608,41416,0.56529
https://s3.amazonaws.com/2656-de/design_explorer_data/kpf/Images/00112.jpg,design_explorer_data/kpf/Json/00112.json,112,-110,0.3,348.5,0.802092,132364.4608,41416,0.561498
https://s3.amazonaws.com/2656-de/design_explorer_data/kpf/Images/00113.jpg,design_explorer_data/kpf/Json/00113.json,113,-110,0.4,337.5,0.790953,132364.4608,41416,0.55831
https://s3.amazonaws.com/2656-de/design_explorer_data/kpf/Images/00114.jpg,design_explorer_data/kpf/Json/00114.json,114,-110,0.5,315.5,0.781285,128924.7362,41416,0.556825
https://s3.amazonaws.com/2656-de/design_explorer_data/kpf/Images/00115.jpg,design_explorer_data/kpf/Json/00115.json,115,-110,0.6,304.5,0.766568,129854.9841,41416,0.553083
https://s3.amazonaws.com/2656-de/design_explorer_data/kpf/Images/00116.jpg,design_explorer_data/kpf/Json/00116.json,116,-110,0.7,293.5,0.760739,129704.8464,41416,0.552328
https://s3.amazonaws.com/2656-de/design_explorer_data/kpf/Images/00117.jpg,design_explorer_data/kpf/Json/00117.json,117,-110,0.8,282.5,0.745554,129371.5709,41391,0.550529
https://s3.amazonaws.com/2656-de/design_explorer_data/kpf/Images/00118.jpg,design_explorer_data/kpf/Json/00118.json,118,-110,0.9,271.5,0.741843,128941.9841,41341,0.549491
https://s3.amazonaws.com/2656-de/design_explorer_data/kpf/Images/00119.jpg,design_explorer_data/kpf/Json/00119.json,119,-110,1,260.5,0.734639,128608.7087,41316,0.549015
https://s3.amazonaws.com/2656-de/design_explorer_data/kpf/Images/00120.jpg,design_explorer_data/kpf/Json/00120.json,120,-120,0.1,491.5,0.897999,156021.8558,48254,0.609081
https://s3.amazonaws.com/2656-de/design_explorer_data/kpf/Images/00121.jpg,design_explorer_data/kpf/Json/00121.json,121,-120,0.2,469.5,0.894681,156363.0674,48079,0.604504
https://s3.amazonaws.com/2656-de/design_explorer_data/kpf/Images/00122.jpg,design_explorer_data/kpf/Json/00122.json,122,-120,0.3,458.5,0.892797,154778.4565,48079,0.603316
https://s3.amazonaws.com/2656-de/design_explorer_data/kpf/Images/00123.jpg,design_explorer_data/kpf/Json/00123.json,123,-120,0.4,436.5,0.889737,154541.8627,47904,0.600344
https://s3.amazonaws.com/2656-de/design_explorer_data/kpf/Images/00124.jpg,design_explorer_data/kpf/Json/00124.json,124,-120,0.5,425.5,0.888034,152733.7262,47804,0.599499
https://s3.amazonaws.com/2656-de/design_explorer_data/kpf/Images/00125.jpg,design_explorer_data/kpf/Json/00125.json,125,-120,0.6,414.5,0.886855,152912.1002,47804,0.597983
https://s3.amazonaws.com/2656-de/design_explorer_data/kpf/Images/00126.jpg,design_explorer_data/kpf/Json/00126.json,126,-120,0.7,392.5,0.883789,149786.949,47704,0.597274
https://s3.amazonaws.com/2656-de/design_explorer_data/kpf/Images/00127.jpg,design_explorer_data/kpf/Json/00127.json,127,-120,0.8,381.5,0.882714,149770.9897,47679,0.596345
https://s3.amazonaws.com/2656-de/design_explorer_data/kpf/Images/00128.jpg,design_explorer_data/kpf/Json/00128.json,128,-120,0.9,359.5,0.87954,145603.0947,47654,0.596869
https://s3.amazonaws.com/2656-de/design_explorer_data/kpf/Images/00129.jpg,design_explorer_data/kpf/Json/00129.json,129,-120,1,348.5,0.878978,147181.0544,47604,0.595381
https://s3.amazonaws.com/2656-de/design_explorer_data/kpf/Images/00130.jpg,design_explorer_data/kpf/Json/00130.json,130,-130,0.1,425.5,0.865048,165538.719,34101,0.523968
https://s3.amazonaws.com/2656-de/design_explorer_data/kpf/Images/00131.jpg,design_explorer_data/kpf/Json/00131.json,131,-130,0.2,403.5,0.857434,161574.0754,33026,0.519922
https://s3.amazonaws.com/2656-de/design_explorer_data/kpf/Images/00132.jpg,design_explorer_data/kpf/Json/00132.json,132,-130,0.3,392.5,0.853739,163014.5993,32201,0.515527
https://s3.amazonaws.com/2656-de/design_explorer_data/kpf/Images/00133.jpg,design_explorer_data/kpf/Json/00133.json,133,-130,0.4,381.5,0.849383,160586.7383,31976,0.514068
https://s3.amazonaws.com/2656-de/design_explorer_data/kpf/Images/00134.jpg,design_explorer_data/kpf/Json/00134.json,134,-130,0.5,370.5,0.844958,157345.2598,31276,0.513214
https://s3.amazonaws.com/2656-de/design_explorer_data/kpf/Images/00135.jpg,design_explorer_data/kpf/Json/00135.json,135,-130,0.6,381.5,0.842125,154069.2318,31076,0.512638
https://s3.amazonaws.com/2656-de/design_explorer_data/kpf/Images/00136.jpg,design_explorer_data/kpf/Json/00136.json,136,-130,0.7,381.5,0.838886,152923.6959,30601,0.510537
https://s3.amazonaws.com/2656-de/design_explorer_data/kpf/Images/00137.jpg,design_explorer_data/kpf/Json/00137.json,137,-130,0.8,392.5,0.837975,152195.0222,30051,0.510187
https://s3.amazonaws.com/2656-de/design_explorer_data/kpf/Images/00138.jpg,design_explorer_data/kpf/Json/00138.json,138,-130,0.9,381.5,0.834296,146384.4351,30002,0.510738
https://s3.amazonaws.com/2656-de/design_explorer_data/kpf/Images/00139.jpg,design_explorer_data/kpf/Json/00139.json,139,-130,1,381.5,0.832978,144315.2122,29678,0.510928
https://s3.amazonaws.com/2656-de/design_explorer_data/kpf/Images/00140.jpg,design_explorer_data/kpf/Json/00140.json,140,-140,0.1,414.5,0.850135,151519.6435,30803.78839,0.523482
https://s3.amazonaws.com/2656-de/design_explorer_data/kpf/Images/00141.jpg,design_explorer_data/kpf/Json/00141.json,141,-140,0.2,403.5,0.844249,149777.8377,30253.78839,0.520119
https://s3.amazonaws.com/2656-de/design_explorer_data/kpf/Images/00142.jpg,design_explorer_data/kpf/Json/00142.json,142,-140,0.3,392.5,0.838394,148003.032,29653.78839,0.517795
https://s3.amazonaws.com/2656-de/design_explorer_data/kpf/Images/00143.jpg,design_explorer_data/kpf/Json/00143.json,143,-140,0.4,370.5,0.828116,143468.0963,28978.78839,0.514827
https://s3.amazonaws.com/2656-de/design_explorer_data/kpf/Images/00144.jpg,design_explorer_data/kpf/Json/00144.json,144,-140,0.5,359.5,0.822403,141216.7748,28678.78839,0.513087
https://s3.amazonaws.com/2656-de/design_explorer_data/kpf/Images/00145.jpg,design_explorer_data/kpf/Json/00145.json,145,-140,0.6,348.5,0.817347,138521.4848,28378.78839,0.512076
https://s3.amazonaws.com/2656-de/design_explorer_data/kpf/Images/00146.jpg,design_explorer_data/kpf/Json/00146.json,146,-140,0.7,337.5,0.811942,136345.8404,27953.78839,0.511161
https://s3.amazonaws.com/2656-de/design_explorer_data/kpf/Images/00147.jpg,design_explorer_data/kpf/Json/00147.json,147,-140,0.8,326.5,0.806687,134566.1961,27328.78839,0.510131
https://s3.amazonaws.com/2656-de/design_explorer_data/kpf/Images/00148.jpg,design_explorer_data/kpf/Json/00148.json,148,-140,0.9,304.5,0.797756,129817.1318,27078.78839,0.509432
https://s3.amazonaws.com/2656-de/design_explorer_data/kpf/Images/00149.jpg,design_explorer_data/kpf/Json/00149.json,149,-140,1,293.5,0.793174,127672.8746,26753.78839,0.509454
https://s3.amazonaws.com/2656-de/design_explorer_data/kpf/Images/00150.jpg,design_explorer_data/kpf/Json/00150.json,150,-150,0.1,414.5,0.850842,145975.9651,33140,0.549726
https://s3.amazonaws.com/2656-de/design_explorer_data/kpf/Images/00151.jpg,design_explorer_data/kpf/Json/00151.json,151,-150,0.2,403.5,0.844828,144307.9139,32565,0.546675
https://s3.amazonaws.com/2656-de/design_explorer_data/kpf/Images/00152.jpg,design_explorer_data/kpf/Json/00152.json,152,-150,0.3,392.5,0.838837,142540.8627,32190,0.544256
https://s3.amazonaws.com/2656-de/design_explorer_data/kpf/Images/00153.jpg,design_explorer_data/kpf/Json/00153.json,153,-150,0.4,370.5,0.827647,137418.8115,31740,0.541211
https://s3.amazonaws.com/2656-de/design_explorer_data/kpf/Images/00154.jpg,design_explorer_data/kpf/Json/00154.json,154,-150,0.5,359.5,0.821777,135169.2177,31565,0.539891
https://s3.amazonaws.com/2656-de/design_explorer_data/kpf/Images/00155.jpg,design_explorer_data/kpf/Json/00155.json,155,-150,0.6,348.5,0.816132,132328.9378,31415,0.538752
https://s3.amazonaws.com/2656-de/design_explorer_data/kpf/Images/00156.jpg,design_explorer_data/kpf/Json/00156.json,156,-150,0.7,337.5,0.810459,130201.3781,31165,0.5376
https://s3.amazonaws.com/2656-de/design_explorer_data/kpf/Images/00157.jpg,design_explorer_data/kpf/Json/00157.json,157,-150,0.8,326.5,0.805057,128142.3099,30815,0.536743
https://s3.amazonaws.com/2656-de/design_explorer_data/kpf/Images/00158.jpg,design_explorer_data/kpf/Json/00158.json,158,-150,0.9,304.5,0.795131,123180.2758,30465,0.536018
https://s3.amazonaws.com/2656-de/design_explorer_data/kpf/Images/00159.jpg,design_explorer_data/kpf/Json/00159.json,159,-150,1,293.5,0.790548,121154.2075,30315,0.535864
https://s3.amazonaws.com/2656-de/design_explorer_data/kpf/Images/00160.jpg,design_explorer_data/kpf/Json/00160.json,160,-160,0.1,337.5,0.785549,127967.3758,20211.55548,0.510998
https://s3.amazonaws.com/2656-de/design_explorer_data/kpf/Images/00161.jpg,design_explorer_data/kpf/Json/00161.json,161,-160,0.2,326.5,0.764604,124012.7147,17386.55548,0.501368
https://s3.amazonaws.com/2656-de/design_explorer_data/kpf/Images/00162.jpg,design_explorer_data/kpf/Json/00162.json,162,-160,0.3,315.5,0.755855,120692.4944,17386.55548,0.500385
https://s3.amazonaws.com/2656-de/design_explorer_data/kpf/Images/00163.jpg,design_explorer_data/kpf/Json/00163.json,163,-160,0.4,304.5,0.748393,118503.4944,16786.55548,0.498012
https://s3.amazonaws.com/2656-de/design_explorer_data/kpf/Images/00164.jpg,design_explorer_data/kpf/Json/00164.json,164,-160,0.5,293.5,0.728442,114611.8609,15886.55548,0.492638
https://s3.amazonaws.com/2656-de/design_explorer_data/kpf/Images/00165.jpg,design_explorer_data/kpf/Json/00165.json,165,-160,0.6,282.5,0.719297,111387.6681,16111.55548,0.492718
https://s3.amazonaws.com/2656-de/design_explorer_data/kpf/Images/00166.jpg,design_explorer_data/kpf/Json/00166.json,166,-160,0.7,260.5,0.698166,106528.3375,15640.55548,0.488973
https://s3.amazonaws.com/2656-de/design_explorer_data/kpf/Images/00167.jpg,design_explorer_data/kpf/Json/00167.json,167,-160,0.8,260.5,0.693634,105592.1447,15465.55548,0.488456
https://s3.amazonaws.com/2656-de/design_explorer_data/kpf/Images/00168.jpg,design_explorer_data/kpf/Json/00168.json,168,-160,0.9,249.5,0.68532,103382.0345,15690.55548,0.489448
https://s3.amazonaws.com/2656-de/design_explorer_data/kpf/Images/00169.jpg,design_explorer_data/kpf/Json/00169.json,169,-160,1,238.5,0.673899,101473.6765,15743.55548,0.488449
https://s3.amazonaws.com/2656-de/design_explorer_data/kpf/Images/00170.jpg,design_explorer_data/kpf/Json/00170.json,170,-170,0.1,304.5,0.74157,118222.1327,13566.71542,0.489283
https://s3.amazonaws.com/2656-de/design_explorer_data/kpf/Images/00171.jpg,design_explorer_data/kpf/Json/00171.json,171,-170,0.2,304.5,0.72964,116125.7569,12622.71542,0.485837
https://s3.amazonaws.com/2656-de/design_explorer_data/kpf/Images/00172.jpg,design_explorer_data/kpf/Json/00172.json,172,-170,0.3,282.5,0.702728,111336.1327,12622.71542,0.478967
https://s3.amazonaws.com/2656-de/design_explorer_data/kpf/Images/00173.jpg,design_explorer_data/kpf/Json/00173.json,173,-170,0.4,271.5,0.688565,108322.1327,12622.71542,0.477195
https://s3.amazonaws.com/2656-de/design_explorer_data/kpf/Images/00174.jpg,design_explorer_data/kpf/Json/00174.json,174,-170,0.5,260.5,0.677577,104993.7569,12622.71542,0.476857
https://s3.amazonaws.com/2656-de/design_explorer_data/kpf/Images/00175.jpg,design_explorer_data/kpf/Json/00175.json,175,-170,0.6,260.5,0.672637,104630.7569,12622.71542,0.476284
https://s3.amazonaws.com/2656-de/design_explorer_data/kpf/Images/00176.jpg,design_explorer_data/kpf/Json/00176.json,176,-170,0.7,249.5,0.652906,101034.475,12622.71542,0.474702
https://s3.amazonaws.com/2656-de/design_explorer_data/kpf/Images/00177.jpg,design_explorer_data/kpf/Json/00177.json,177,-170,0.8,227.5,0.634715,97731.28713,12622.71542,0.474136
https://s3.amazonaws.com/2656-de/design_explorer_data/kpf/Images/00178.jpg,design_explorer_data/kpf/Json/00178.json,178,-170,0.9,227.5,0.625697,97842.00528,12622.71542,0.474273
https://s3.amazonaws.com/2656-de/design_explorer_data/kpf/Images/00179.jpg,design_explorer_data/kpf/Json/00179.json,179,-170,1,216.5,0.617145,97679.47504,12622.71542,0.472948
https://s3.amazonaws.com/2656-de/design_explorer_data/kpf/Images/00180.jpg,design_explorer_data/kpf/Json/00180.json,180,-180,0.1,304.5,0.744949,120758,12293.26956,0.499946
https://s3.amazonaws.com/2656-de/design_explorer_data/kpf/Images/00181.jpg,design_explorer_data/kpf/Json/00181.json,181,-180,0.2,304.5,0.731677,118382,12293.26956,0.496335
https://s3.amazonaws.com/2656-de/design_explorer_data/kpf/Images/00182.jpg,design_explorer_data/kpf/Json/00182.json,182,-180,0.3,282.5,0.70192,113311,12293.26956,0.488559
https://s3.amazonaws.com/2656-de/design_explorer_data/kpf/Images/00183.jpg,design_explorer_data/kpf/Json/00183.json,183,-180,0.4,271.5,0.685959,110099,12293.26956,0.486911
https://s3.amazonaws.com/2656-de/design_explorer_data/kpf/Images/00184.jpg,design_explorer_data/kpf/Json/00184.json,184,-180,0.5,260.5,0.673736,106689,12293.26956,0.486665
https://s3.amazonaws.com/2656-de/design_explorer_data/kpf/Images/00185.jpg,design_explorer_data/kpf/Json/00185.json,185,-180,0.6,260.5,0.668214,106128,12293.26956,0.48604
https://s3.amazonaws.com/2656-de/design_explorer_data/kpf/Images/00186.jpg,design_explorer_data/kpf/Json/00186.json,186,-180,0.7,249.5,0.645985,102025,12293.26956,0.484581
https://s3.amazonaws.com/2656-de/design_explorer_data/kpf/Images/00187.jpg,design_explorer_data/kpf/Json/00187.json,187,-180,0.8,227.5,0.625667,98417,12293.26956,0.483824
https://s3.amazonaws.com/2656-de/design_explorer_data/kpf/Images/00188.jpg,design_explorer_data/kpf/Json/00188.json,188,-180,0.9,227.5,0.615421,98285,12293.26956,0.484233
https://s3.amazonaws.com/2656-de/design_explorer_data/kpf/Images/00189.jpg,design_explorer_data/kpf/Json/00189.json,189,-180,1,216.5,0.605714,98175,12293.26956,0.482648
https://s3.amazonaws.com/2656-de/design_explorer_data/kpf/Images/00190.jpg,design_explorer_data/kpf/Json/00190.json,190,-190,0.1,304.5,0.743384,115700.6629,12859.66103,0.501348
https://s3.amazonaws.com/2656-de/design_explorer_data/kpf/Images/00191.jpg,design_explorer_data/kpf/Json/00191.json,191,-190,0.2,304.5,0.731188,113414.0992,12859.66103,0.49646
https://s3.amazonaws.com/2656-de/design_explorer_data/kpf/Images/00192.jpg,design_explorer_data/kpf/Json/00192.json,192,-190,0.3,282.5,0.704141,108222.8174,12859.66103,0.487213
https://s3.amazonaws.com/2656-de/design_explorer_data/kpf/Images/00193.jpg,design_explorer_data/kpf/Json/00193.json,193,-190,0.4,271.5,0.689722,105216.6295,12859.66103,0.48495
https://s3.amazonaws.com/2656-de/design_explorer_data/kpf/Images/00194.jpg,design_explorer_data/kpf/Json/00194.json,194,-190,0.5,260.5,0.678819,102012.4416,12859.66103,0.484545
https://s3.amazonaws.com/2656-de/design_explorer_data/kpf/Images/00195.jpg,design_explorer_data/kpf/Json/00195.json,195,-190,0.6,260.5,0.673738,101748.4416,12859.66103,0.48348
https://s3.amazonaws.com/2656-de/design_explorer_data/kpf/Images/00196.jpg,design_explorer_data/kpf/Json/00196.json,196,-190,0.7,249.5,0.653822,98635.44157,12859.66103,0.481526
https://s3.amazonaws.com/2656-de/design_explorer_data/kpf/Images/00197.jpg,design_explorer_data/kpf/Json/00197.json,197,-190,0.8,227.5,0.635646,95815.53552,12859.66103,0.479973
https://s3.amazonaws.com/2656-de/design_explorer_data/kpf/Images/00198.jpg,design_explorer_data/kpf/Json/00198.json,198,-190,0.9,227.5,0.62638,96657.91133,12859.66103,0.479969
https://s3.amazonaws.com/2656-de/design_explorer_data/kpf/Images/00199.jpg,design_explorer_data/kpf/Json/00199.json,199,-190,1,216.5,0.617769,96689.47504,12859.66103,0.478294
https://s3.amazonaws.com/2656-de/design_explorer_data/kpf/Images/00200.jpg,design_explorer_data/kpf/Json/00200.json,200,-200,0.1,370.5,0.779708,121918.8142,23703,0.524519
https://s3.amazonaws.com/2656-de/design_explorer_data/kpf/Images/00201.jpg,design_explorer_data/kpf/Json/00201.json,201,-200,0.2,359.5,0.774974,119027.5938,23629,0.523037
https://s3.amazonaws.com/2656-de/design_explorer_data/kpf/Images/00202.jpg,design_explorer_data/kpf/Json/00202.json,202,-200,0.3,348.5,0.766833,116202.3735,23280,0.520569
https://s3.amazonaws.com/2656-de/design_explorer_data/kpf/Images/00203.jpg,design_explorer_data/kpf/Json/00203.json,203,-200,0.4,337.5,0.758647,113440.1807,23079,0.518549
https://s3.amazonaws.com/2656-de/design_explorer_data/kpf/Images/00204.jpg,design_explorer_data/kpf/Json/00204.json,204,-200,0.5,315.5,0.748103,109657.9603,23079,0.51734
https://s3.amazonaws.com/2656-de/design_explorer_data/kpf/Images/00205.jpg,design_explorer_data/kpf/Json/00205.json,205,-200,0.6,304.5,0.740351,108384.0429,22930,0.514955
https://s3.amazonaws.com/2656-de/design_explorer_data/kpf/Images/00206.jpg,design_explorer_data/kpf/Json/00206.json,206,-200,0.7,293.5,0.733654,106810.1531,22705,0.514626
https://s3.amazonaws.com/2656-de/design_explorer_data/kpf/Images/00207.jpg,design_explorer_data/kpf/Json/00207.json,207,-200,0.8,282.5,0.725125,106088.3184,22704,0.513979
https://s3.amazonaws.com/2656-de/design_explorer_data/kpf/Images/00208.jpg,design_explorer_data/kpf/Json/00208.json,208,-200,0.9,271.5,0.721269,107879.5387,22827,0.512933
https://s3.amazonaws.com/2656-de/design_explorer_data/kpf/Images/00209.jpg,design_explorer_data/kpf/Json/00209.json,209,-200,1,260.5,0.716423,108810.9795,22802,0.512852
https://s3.amazonaws.com/2656-de/design_explorer_data/kpf/Images/00210.jpg,design_explorer_data/kpf/Json/00210.json,210,-210,0.1,370.5,0.785024,124804.2811,22526.82385,0.50992
https://s3.amazonaws.com/2656-de/design_explorer_data/kpf/Images/00211.jpg,design_explorer_data/kpf/Json/00211.json,211,-210,0.2,359.5,0.778517,123002.7658,22227.82385,0.50719
https://s3.amazonaws.com/2656-de/design_explorer_data/kpf/Images/00212.jpg,design_explorer_data/kpf/Json/00212.json,212,-210,0.3,348.5,0.774006,120243.23,22203.82385,0.504425
https://s3.amazonaws.com/2656-de/design_explorer_data/kpf/Images/00213.jpg,design_explorer_data/kpf/Json/00213.json,213,-210,0.4,337.5,0.763396,117106.5325,21951.82385,0.502044
https://s3.amazonaws.com/2656-de/design_explorer_data/kpf/Images/00214.jpg,design_explorer_data/kpf/Json/00214.json,214,-210,0.5,315.5,0.754785,114094.9429,21877.82385,0.501028
https://s3.amazonaws.com/2656-de/design_explorer_data/kpf/Images/00215.jpg,design_explorer_data/kpf/Json/00215.json,215,-210,0.6,304.5,0.747699,113250.2125,21877.82385,0.49815
https://s3.amazonaws.com/2656-de/design_explorer_data/kpf/Images/00216.jpg,design_explorer_data/kpf/Json/00216.json,216,-210,0.7,293.5,0.741795,111355.4901,21851.82385,0.497518
https://s3.amazonaws.com/2656-de/design_explorer_data/kpf/Images/00217.jpg,design_explorer_data/kpf/Json/00217.json,217,-210,0.8,282.5,0.734759,110743.152,22076.82385,0.496419
https://s3.amazonaws.com/2656-de/design_explorer_data/kpf/Images/00218.jpg,design_explorer_data/kpf/Json/00218.json,218,-210,0.9,282.5,0.734977,112589.6078,22101.82385,0.495533
https://s3.amazonaws.com/2656-de/design_explorer_data/kpf/Images/00219.jpg,design_explorer_data/kpf/Json/00219.json,219,-210,1,282.5,0.732605,113551.5967,22176.82385,0.495413
https://s3.amazonaws.com/2656-de/design_explorer_data/kpf/Images/00220.jpg,design_explorer_data/kpf/Json/00220.json,220,-220,0.1,491.5,0.892012,142878.0441,42347,0.572089
https://s3.amazonaws.com/2656-de/design_explorer_data/kpf/Images/00221.jpg,design_explorer_data/kpf/Json/00221.json,221,-220,0.2,469.5,0.888377,141305.6241,42347,0.568747
https://s3.amazonaws.com/2656-de/design_explorer_data/kpf/Images/00222.jpg,design_explorer_data/kpf/Json/00222.json,222,-220,0.3,458.5,0.886158,139280.0113,42422,0.567927
https://s3.amazonaws.com/2656-de/design_explorer_data/kpf/Images/00223.jpg,design_explorer_data/kpf/Json/00223.json,223,-220,0.4,436.5,0.882853,138807.8813,42422,0.565213
https://s3.amazonaws.com/2656-de/design_explorer_data/kpf/Images/00224.jpg,design_explorer_data/kpf/Json/00224.json,224,-220,0.5,425.5,0.880721,137585.5585,42497,0.565211
https://s3.amazonaws.com/2656-de/design_explorer_data/kpf/Images/00225.jpg,design_explorer_data/kpf/Json/00225.json,225,-220,0.6,414.5,0.87937,139002.2028,42497,0.564064
https://s3.amazonaws.com/2656-de/design_explorer_data/kpf/Images/00226.jpg,design_explorer_data/kpf/Json/00226.json,226,-220,0.7,392.5,0.875474,139637.1044,42572,0.563968
https://s3.amazonaws.com/2656-de/design_explorer_data/kpf/Images/00227.jpg,design_explorer_data/kpf/Json/00227.json,227,-220,0.8,381.5,0.874225,141850.5873,42572,0.563173
https://s3.amazonaws.com/2656-de/design_explorer_data/kpf/Images/00228.jpg,design_explorer_data/kpf/Json/00228.json,228,-220,0.9,359.5,0.870555,141439.9088,42721,0.564068
https://s3.amazonaws.com/2656-de/design_explorer_data/kpf/Images/00229.jpg,design_explorer_data/kpf/Json/00229.json,229,-220,1,348.5,0.869393,146028.6489,42721,0.562724
https://s3.amazonaws.com/2656-de/design_explorer_data/kpf/Images/00230.jpg,design_explorer_data/kpf/Json/00230.json,230,-230,0.1,491.5,0.88864,151268.2015,39475,0.544321
https://s3.amazonaws.com/2656-de/design_explorer_data/kpf/Images/00231.jpg,design_explorer_data/kpf/Json/00231.json,231,-230,0.2,469.5,0.884018,149038.8682,39475,0.541127
https://s3.amazonaws.com/2656-de/design_explorer_data/kpf/Images/00232.jpg,design_explorer_data/kpf/Json/00232.json,232,-230,0.3,458.5,0.881647,148495.4616,39550,0.539392
https://s3.amazonaws.com/2656-de/design_explorer_data/kpf/Images/00233.jpg,design_explorer_data/kpf/Json/00233.json,233,-230,0.4,436.5,0.877301,147736.7896,39550,0.537308
https://s3.amazonaws.com/2656-de/design_explorer_data/kpf/Images/00234.jpg,design_explorer_data/kpf/Json/00234.json,234,-230,0.5,425.5,0.875098,147847.5131,39625,0.536297
https://s3.amazonaws.com/2656-de/design_explorer_data/kpf/Images/00235.jpg,design_explorer_data/kpf/Json/00235.json,235,-230,0.6,414.5,0.873006,148431.4635,39625,0.535833
https://s3.amazonaws.com/2656-de/design_explorer_data/kpf/Images/00236.jpg,design_explorer_data/kpf/Json/00236.json,236,-230,0.7,392.5,0.868811,150565.8844,39700,0.534504
https://s3.amazonaws.com/2656-de/design_explorer_data/kpf/Images/00237.jpg,design_explorer_data/kpf/Json/00237.json,237,-230,0.8,381.5,0.866752,151740.2018,39724,0.534242
https://s3.amazonaws.com/2656-de/design_explorer_data/kpf/Images/00238.jpg,design_explorer_data/kpf/Json/00238.json,238,-230,0.9,359.5,0.863293,153020.5754,39874,0.534442
https://s3.amazonaws.com/2656-de/design_explorer_data/kpf/Images/00239.jpg,design_explorer_data/kpf/Json/00239.json,239,-230,1,348.5,0.860784,156415.1688,39874,0.533525
https://s3.amazonaws.com/2656-de/design_explorer_data/kpf/Images/00240.jpg,design_explorer_data/kpf/Json/00240.json,240,-240,0.1,414.5,0.85244,139651.2824,40973,0.566045
https://s3.amazonaws.com/2656-de/design_explorer_data/kpf/Images/00241.jpg,design_explorer_data/kpf/Json/00241.json,241,-240,0.2,403.5,0.846248,139626.8146,41048,0.562962
https://s3.amazonaws.com/2656-de/design_explorer_data/kpf/Images/00242.jpg,design_explorer_data/kpf/Json/00242.json,242,-240,0.3,392.5,0.840201,139698.5967,41123,0.560462
https://s3.amazonaws.com/2656-de/design_explorer_data/kpf/Images/00243.jpg,design_explorer_data/kpf/Json/00243.json,243,-240,0.4,381.5,0.831096,140161.6309,41123,0.55761
https://s3.amazonaws.com/2656-de/design_explorer_data/kpf/Images/00244.jpg,design_explorer_data/kpf/Json/00244.json,244,-240,0.5,359.5,0.8231,139259.5134,41298,0.556322
https://s3.amazonaws.com/2656-de/design_explorer_data/kpf/Images/00245.jpg,design_explorer_data/kpf/Json/00245.json,245,-240,0.6,348.5,0.817485,139096.5111,41323,0.555349
https://s3.amazonaws.com/2656-de/design_explorer_data/kpf/Images/00246.jpg,design_explorer_data/kpf/Json/00246.json,246,-240,0.7,337.5,0.811655,140130.041,41373,0.554247
https://s3.amazonaws.com/2656-de/design_explorer_data/kpf/Images/00247.jpg,design_explorer_data/kpf/Json/00247.json,247,-240,0.8,326.5,0.806194,141161.9255,41448,0.553388
https://s3.amazonaws.com/2656-de/design_explorer_data/kpf/Images/00248.jpg,design_explorer_data/kpf/Json/00248.json,248,-240,0.9,304.5,0.796259,141082.7155,41498,0.55243
https://s3.amazonaws.com/2656-de/design_explorer_data/kpf/Images/00249.jpg,design_explorer_data/kpf/Json/00249.json,249,-240,1,304.5,0.792421,142844.7931,41523,0.552043
https://s3.amazonaws.com/2656-de/design_explorer_data/kpf/Images/00250.jpg,design_explorer_data/kpf/Json/00250.json,250,-250,0.1,414.5,0.861107,134705.3553,41323,0.585719
https://s3.amazonaws.com/2656-de/design_explorer_data/kpf/Images/00251.jpg,design_explorer_data/kpf/Json/00251.json,251,-250,0.2,403.5,0.854613,134979.3849,41498,0.582723
https://s3.amazonaws.com/2656-de/design_explorer_data/kpf/Images/00252.jpg,design_explorer_data/kpf/Json/00252.json,252,-250,0.3,392.5,0.848249,135350.5812,41573,0.580014
https://s3.amazonaws.com/2656-de/design_explorer_data/kpf/Images/00253.jpg,design_explorer_data/kpf/Json/00253.json,253,-250,0.4,370.5,0.836275,133735.6907,41623,0.577126
https://s3.amazonaws.com/2656-de/design_explorer_data/kpf/Images/00254.jpg,design_explorer_data/kpf/Json/00254.json,254,-250,0.5,359.5,0.830031,134567.1342,41698,0.575023
https://s3.amazonaws.com/2656-de/design_explorer_data/kpf/Images/00255.jpg,design_explorer_data/kpf/Json/00255.json,255,-250,0.6,348.5,0.823972,133888.2409,41698,0.573955
https://s3.amazonaws.com/2656-de/design_explorer_data/kpf/Images/00256.jpg,design_explorer_data/kpf/Json/00256.json,256,-250,0.7,337.5,0.8178,134647.2946,41773,0.573169
https://s3.amazonaws.com/2656-de/design_explorer_data/kpf/Images/00257.jpg,design_explorer_data/kpf/Json/00257.json,257,-250,0.8,326.5,0.811926,135342.1816,41848,0.572008
https://s3.amazonaws.com/2656-de/design_explorer_data/kpf/Images/00258.jpg,design_explorer_data/kpf/Json/00258.json,258,-250,0.9,304.5,0.80148,133875.116,41848,0.570774
https://s3.amazonaws.com/2656-de/design_explorer_data/kpf/Images/00259.jpg,design_explorer_data/kpf/Json/00259.json,259,-250,1,293.5,0.796787,134439.8364,41898,0.570391
https://s3.amazonaws.com/2656-de/design_explorer_data/kpf/Images/00260.jpg,design_explorer_data/kpf/Json/00260.json,260,-260,0.1,304.5,0.751156,117938.4275,30840,0.533327
https://s3.amazonaws.com/2656-de/design_explorer_data/kpf/Images/00261.jpg,design_explorer_data/kpf/Json/00261.json,261,-260,0.2,304.5,0.739847,118120.8033,30865,0.530456
https://s3.amazonaws.com/2656-de/design_explorer_data/kpf/Images/00262.jpg,design_explorer_data/kpf/Json/00262.json,262,-260,0.3,282.5,0.714824,116195.4005,30915,0.523645
https://s3.amazonaws.com/2656-de/design_explorer_data/kpf/Images/00263.jpg,design_explorer_data/kpf/Json/00263.json,263,-260,0.4,271.5,0.701237,114800.8702,30915,0.522252
https://s3.amazonaws.com/2656-de/design_explorer_data/kpf/Images/00264.jpg,design_explorer_data/kpf/Json/00264.json,264,-260,0.5,260.5,0.690734,112600.8702,30915,0.52206
https://s3.amazonaws.com/2656-de/design_explorer_data/kpf/Images/00265.jpg,design_explorer_data/kpf/Json/00265.json,265,-260,0.6,260.5,0.686117,112629.9642,30915,0.521911
https://s3.amazonaws.com/2656-de/design_explorer_data/kpf/Images/00266.jpg,design_explorer_data/kpf/Json/00266.json,266,-260,0.7,249.5,0.666898,111293.6218,30915,0.520636
https://s3.amazonaws.com/2656-de/design_explorer_data/kpf/Images/00267.jpg,design_explorer_data/kpf/Json/00267.json,267,-260,0.8,227.5,0.649023,109869.9976,30915,0.518773
https://s3.amazonaws.com/2656-de/design_explorer_data/kpf/Images/00268.jpg,design_explorer_data/kpf/Json/00268.json,268,-260,0.9,227.5,0.640573,109957.2795,30915,0.518424
https://s3.amazonaws.com/2656-de/design_explorer_data/kpf/Images/00269.jpg,design_explorer_data/kpf/Json/00269.json,269,-260,1,216.5,0.632818,109397.313,30915,0.51735
https://s3.amazonaws.com/2656-de/design_explorer_data/kpf/Images/00270.jpg,design_explorer_data/kpf/Json/00270.json,270,-270,0.1,304.5,0.760057,110440,30015,0.540252
https://s3.amazonaws.com/2656-de/design_explorer_data/kpf/Images/00271.jpg,design_explorer_data/kpf/Json/00271.json,271,-270,0.2,304.5,0.747695,110440,30015,0.536509
https://s3.amazonaws.com/2656-de/design_explorer_data/kpf/Images/00272.jpg,design_explorer_data/kpf/Json/00272.json,272,-270,0.3,282.5,0.720399,108020,30015,0.528984
https://s3.amazonaws.com/2656-de/design_explorer_data/kpf/Images/00273.jpg,design_explorer_data/kpf/Json/00273.json,273,-270,0.4,271.5,0.70531,106480,30015,0.527022
https://s3.amazonaws.com/2656-de/design_explorer_data/kpf/Images/00274.jpg,design_explorer_data/kpf/Json/00274.json,274,-270,0.5,260.5,0.693816,104280,30015,0.526541
https://s3.amazonaws.com/2656-de/design_explorer_data/kpf/Images/00275.jpg,design_explorer_data/kpf/Json/00275.json,275,-270,0.6,260.5,0.688722,104280,30015,0.526271
https://s3.amazonaws.com/2656-de/design_explorer_data/kpf/Images/00276.jpg,design_explorer_data/kpf/Json/00276.json,276,-270,0.7,249.5,0.667313,102740,30015,0.524269
https://s3.amazonaws.com/2656-de/design_explorer_data/kpf/Images/00277.jpg,design_explorer_data/kpf/Json/00277.json,277,-270,0.8,227.5,0.647466,101200,30015,0.522332
https://s3.amazonaws.com/2656-de/design_explorer_data/kpf/Images/00278.jpg,design_explorer_data/kpf/Json/00278.json,278,-270,0.9,227.5,0.637932,101200,30015,0.521889
https://s3.amazonaws.com/2656-de/design_explorer_data/kpf/Images/00279.jpg,design_explorer_data/kpf/Json/00279.json,279,-270,1,216.5,0.629204,100320,30015,0.520439
https://s3.amazonaws.com/2656-de/design_explorer_data/kpf/Images/00280.jpg,design_explorer_data/kpf/Json/00280.json,280,-280,0.1,337.5,0.748786,125713.7634,36041,0.551543
https://s3.amazonaws.com/2656-de/design_explorer_data/kpf/Images/00281.jpg,design_explorer_data/kpf/Json/00281.json,281,-280,0.2,326.5,0.735111,125501.1726,36066,0.54425
https://s3.amazonaws.com/2656-de/design_explorer_data/kpf/Images/00282.jpg,design_explorer_data/kpf/Json/00282.json,282,-280,0.3,315.5,0.72603,123541.7363,36091,0.543612
https://s3.amazonaws.com/2656-de/design_explorer_data/kpf/Images/00283.jpg,design_explorer_data/kpf/Json/00283.json,283,-280,0.4,304.5,0.722711,122147.2061,36091,0.542098
https://s3.amazonaws.com/2656-de/design_explorer_data/kpf/Images/00284.jpg,design_explorer_data/kpf/Json/00284.json,284,-280,0.5,293.5,0.709707,121744.4275,36091,0.537848
https://s3.amazonaws.com/2656-de/design_explorer_data/kpf/Images/00285.jpg,design_explorer_data/kpf/Json/00285.json,285,-280,0.6,282.5,0.700165,119660.8033,36141,0.537823
https://s3.amazonaws.com/2656-de/design_explorer_data/kpf/Images/00286.jpg,design_explorer_data/kpf/Json/00286.json,286,-280,0.7,260.5,0.685201,117706.3065,36166,0.535145
https://s3.amazonaws.com/2656-de/design_explorer_data/kpf/Images/00287.jpg,design_explorer_data/kpf/Json/00287.json,287,-280,0.8,260.5,0.685318,117648.1186,36166,0.535016
https://s3.amazonaws.com/2656-de/design_explorer_data/kpf/Images/00288.jpg,design_explorer_data/kpf/Json/00288.json,288,-280,0.9,249.5,0.676975,115535.4005,36166,0.535769
https://s3.amazonaws.com/2656-de/design_explorer_data/kpf/Images/00289.jpg,design_explorer_data/kpf/Json/00289.json,289,-280,1,238.5,0.677419,114975.4339,36166,0.534807
https://s3.amazonaws.com/2656-de/design_explorer_data/kpf/Images/00290.jpg,design_explorer_data/kpf/Json/00290.json,290,-290,0.1,370.5,0.760888,139085.0621,41129.53497,0.55905
https://s3.amazonaws.com/2656-de/design_explorer_data/kpf/Images/00291.jpg,design_explorer_data/kpf/Json/00291.json,291,-290,0.2,359.5,0.757284,137260.2549,40979.53497,0.557658
https://s3.amazonaws.com/2656-de/design_explorer_data/kpf/Images/00292.jpg,design_explorer_data/kpf/Json/00292.json,292,-290,0.3,348.5,0.756788,134576.5579,40866,0.555347
https://s3.amazonaws.com/2656-de/design_explorer_data/kpf/Images/00293.jpg,design_explorer_data/kpf/Json/00293.json,293,-290,0.4,337.5,0.753701,133925.1914,40916,0.553293
https://s3.amazonaws.com/2656-de/design_explorer_data/kpf/Images/00294.jpg,design_explorer_data/kpf/Json/00294.json,294,-290,0.5,315.5,0.743681,131884.2656,40966,0.552883
https://s3.amazonaws.com/2656-de/design_explorer_data/kpf/Images/00295.jpg,design_explorer_data/kpf/Json/00295.json,295,-290,0.6,304.5,0.74207,132226.1746,41066,0.55044
https://s3.amazonaws.com/2656-de/design_explorer_data/kpf/Images/00296.jpg,design_explorer_data/kpf/Json/00296.json,296,-290,0.7,293.5,0.739327,131238.5602,41091,0.550096
https://s3.amazonaws.com/2656-de/design_explorer_data/kpf/Images/00297.jpg,design_explorer_data/kpf/Json/00297.json,297,-290,0.8,282.5,0.739249,129413.4692,41191,0.549369
https://s3.amazonaws.com/2656-de/design_explorer_data/kpf/Images/00298.jpg,design_explorer_data/kpf/Json/00298.json,298,-290,0.9,271.5,0.735516,129356.1027,41216,0.548715
https://s3.amazonaws.com/2656-de/design_explorer_data/kpf/Images/00299.jpg,design_explorer_data/kpf/Json/00299.json,299,-290,1,260.5,0.734639,128608.7087,41316,0.549015
https://s3.amazonaws.com/2656-de/design_explorer_data/kpf/Images/00300.jpg,design_explorer_data/kpf/Json/00300.json,300,-300,0.1,491.5,0.90108,162024.7579,47604,0.599594
https://s3.amazonaws.com/2656-de/design_explorer_data/kpf/Images/00301.jpg,design_explorer_data/kpf/Json/00301.json,301,-300,0.2,469.5,0.897771,159757.3005,47604,0.597441
https://s3.amazonaws.com/2656-de/design_explorer_data/kpf/Images/00302.jpg,design_explorer_data/kpf/Json/00302.json,302,-300,0.3,458.5,0.895691,156238.3346,47604,0.597309
https://s3.amazonaws.com/2656-de/design_explorer_data/kpf/Images/00303.jpg,design_explorer_data/kpf/Json/00303.json,303,-300,0.4,436.5,0.892514,154769.7168,47604,0.59564
https://s3.amazonaws.com/2656-de/design_explorer_data/kpf/Images/00304.jpg,design_explorer_data/kpf/Json/00304.json,304,-300,0.5,425.5,0.890383,151410.768,47604,0.595742
https://s3.amazonaws.com/2656-de/design_explorer_data/kpf/Images/00305.jpg,design_explorer_data/kpf/Json/00305.json,305,-300,0.6,414.5,0.888926,151451.6417,47604,0.594861
https://s3.amazonaws.com/2656-de/design_explorer_data/kpf/Images/00306.jpg,design_explorer_data/kpf/Json/00306.json,306,-300,0.7,392.5,0.885106,147829.0921,47604,0.595155
https://s3.amazonaws.com/2656-de/design_explorer_data/kpf/Images/00307.jpg,design_explorer_data/kpf/Json/00307.json,307,-300,0.8,381.5,0.883697,148606.5426,47604,0.594828
https://s3.amazonaws.com/2656-de/design_explorer_data/kpf/Images/00308.jpg,design_explorer_data/kpf/Json/00308.json,308,-300,0.9,359.5,0.880043,145198.7985,47604,0.596291
https://s3.amazonaws.com/2656-de/design_explorer_data/kpf/Images/00309.jpg,design_explorer_data/kpf/Json/00309.json,309,-300,1,348.5,0.878978,147181.0544,47604,0.595381
https://s3.amazonaws.com/2656-de/design_explorer_data/kpf/Images/00310.jpg,design_explorer_data/kpf/Json/00310.json,310,-310,0.1,425.5,0.859145,147845.3146,30177,0.518025
https://s3.amazonaws.com/2656-de/design_explorer_data/kpf/Images/00311.jpg,design_explorer_data/kpf/Json/00311.json,311,-310,0.2,425.5,0.856069,145381.6192,29974,0.515827
https://s3.amazonaws.com/2656-de/design_explorer_data/kpf/Images/00312.jpg,design_explorer_data/kpf/Json/00312.json,312,-310,0.3,414.5,0.85093,143085.919,29799,0.513427
https://s3.amazonaws.com/2656-de/design_explorer_data/kpf/Images/00313.jpg,design_explorer_data/kpf/Json/00313.json,313,-310,0.4,403.5,0.84653,140738.608,29648,0.512847
https://s3.amazonaws.com/2656-de/design_explorer_data/kpf/Images/00314.jpg,design_explorer_data/kpf/Json/00314.json,314,-310,0.5,392.5,0.842959,139256.141,29648,0.511718
https://s3.amazonaws.com/2656-de/design_explorer_data/kpf/Images/00315.jpg,design_explorer_data/kpf/Json/00315.json,315,-310,0.6,392.5,0.839384,138898.239,29398,0.510993
https://s3.amazonaws.com/2656-de/design_explorer_data/kpf/Images/00316.jpg,design_explorer_data/kpf/Json/00316.json,316,-310,0.7,381.5,0.835683,139781.6758,29353,0.510247
https://s3.amazonaws.com/2656-de/design_explorer_data/kpf/Images/00317.jpg,design_explorer_data/kpf/Json/00317.json,317,-310,0.8,370.5,0.833456,141598.9974,29403,0.509522
https://s3.amazonaws.com/2656-de/design_explorer_data/kpf/Images/00318.jpg,design_explorer_data/kpf/Json/00318.json,318,-310,0.9,359.5,0.831813,141493.5575,29478,0.51118
https://s3.amazonaws.com/2656-de/design_explorer_data/kpf/Images/00319.jpg,design_explorer_data/kpf/Json/00319.json,319,-310,1,381.5,0.832978,144315.2122,29678,0.510928
https://s3.amazonaws.com/2656-de/design_explorer_data/kpf/Images/00320.jpg,design_explorer_data/kpf/Json/00320.json,320,-320,0.1,414.5,0.852741,137632.2042,27879.78839,0.52005
https://s3.amazonaws.com/2656-de/design_explorer_data/kpf/Images/00321.jpg,design_explorer_data/kpf/Json/00321.json,321,-320,0.2,403.5,0.846657,135672.5913,27729.78839,0.517287
https://s3.amazonaws.com/2656-de/design_explorer_data/kpf/Images/00322.jpg,design_explorer_data/kpf/Json/00322.json,322,-320,0.3,392.5,0.840581,133955.2685,27679.78839,0.515329
https://s3.amazonaws.com/2656-de/design_explorer_data/kpf/Images/00323.jpg,design_explorer_data/kpf/Json/00323.json,323,-320,0.4,370.5,0.830283,131397.9771,27179.78839,0.513206
https://s3.amazonaws.com/2656-de/design_explorer_data/kpf/Images/00324.jpg,design_explorer_data/kpf/Json/00324.json,324,-320,0.5,359.5,0.824215,130218.3314,27153.78839,0.511954
https://s3.amazonaws.com/2656-de/design_explorer_data/kpf/Images/00325.jpg,design_explorer_data/kpf/Json/00325.json,325,-320,0.6,348.5,0.819045,128900.2343,26928.78839,0.511303
https://s3.amazonaws.com/2656-de/design_explorer_data/kpf/Images/00326.jpg,design_explorer_data/kpf/Json/00326.json,326,-320,0.7,337.5,0.812962,128088.4272,26803.78839,0.510548
https://s3.amazonaws.com/2656-de/design_explorer_data/kpf/Images/00327.jpg,design_explorer_data/kpf/Json/00327.json,327,-320,0.8,326.5,0.807184,128364.8773,26753.78839,0.509916
https://s3.amazonaws.com/2656-de/design_explorer_data/kpf/Images/00328.jpg,design_explorer_data/kpf/Json/00328.json,328,-320,0.9,304.5,0.797639,127076.1017,26578.78839,0.509713
https://s3.amazonaws.com/2656-de/design_explorer_data/kpf/Images/00329.jpg,design_explorer_data/kpf/Json/00329.json,329,-320,1,293.5,0.793174,127672.8746,26753.78839,0.509454
https://s3.amazonaws.com/2656-de/design_explorer_data/kpf/Images/00330.jpg,design_explorer_data/kpf/Json/00330.json,330,-330,0.1,414.5,0.855454,133842.0268,30791,0.547378
https://s3.amazonaws.com/2656-de/design_explorer_data/kpf/Images/00331.jpg,design_explorer_data/kpf/Json/00331.json,331,-330,0.2,403.5,0.848984,131750.7811,30641,0.54455
https://s3.amazonaws.com/2656-de/design_explorer_data/kpf/Images/00332.jpg,design_explorer_data/kpf/Json/00332.json,332,-330,0.3,392.5,0.842503,130078.5694,30441,0.542509
https://s3.amazonaws.com/2656-de/design_explorer_data/kpf/Images/00333.jpg,design_explorer_data/kpf/Json/00333.json,333,-330,0.4,370.5,0.83125,126744.1121,30241,0.540011
https://s3.amazonaws.com/2656-de/design_explorer_data/kpf/Images/00334.jpg,design_explorer_data/kpf/Json/00334.json,334,-330,0.5,359.5,0.824715,125272.392,30016,0.538928
https://s3.amazonaws.com/2656-de/design_explorer_data/kpf/Images/00335.jpg,design_explorer_data/kpf/Json/00335.json,335,-330,0.6,348.5,0.819021,123640.6547,29916,0.538146
https://s3.amazonaws.com/2656-de/design_explorer_data/kpf/Images/00336.jpg,design_explorer_data/kpf/Json/00336.json,336,-330,0.7,337.5,0.812441,122821.4602,30091,0.537018
https://s3.amazonaws.com/2656-de/design_explorer_data/kpf/Images/00337.jpg,design_explorer_data/kpf/Json/00337.json,337,-330,0.8,326.5,0.805995,122880.8083,30090,0.536559
https://s3.amazonaws.com/2656-de/design_explorer_data/kpf/Images/00338.jpg,design_explorer_data/kpf/Json/00338.json,338,-330,0.9,304.5,0.795546,120665.8595,30140,0.536087
https://s3.amazonaws.com/2656-de/design_explorer_data/kpf/Images/00339.jpg,design_explorer_data/kpf/Json/00339.json,339,-330,1,293.5,0.790548,121154.2075,30315,0.535864
https://s3.amazonaws.com/2656-de/design_explorer_data/kpf/Images/00340.jpg,design_explorer_data/kpf/Json/00340.json,340,-340,0.1,337.5,0.781438,121228.7866,17670.55548,0.504859
https://s3.amazonaws.com/2656-de/design_explorer_data/kpf/Images/00341.jpg,design_explorer_data/kpf/Json/00341.json,341,-340,0.2,326.5,0.761355,117647.5387,15619.55548,0.49757
https://s3.amazonaws.com/2656-de/design_explorer_data/kpf/Images/00342.jpg,design_explorer_data/kpf/Json/00342.json,342,-340,0.3,315.5,0.75264,114681.401,15719.55548,0.496663
https://s3.amazonaws.com/2656-de/design_explorer_data/kpf/Images/00343.jpg,design_explorer_data/kpf/Json/00343.json,343,-340,0.4,304.5,0.746022,112852.4286,15619.55548,0.495455
https://s3.amazonaws.com/2656-de/design_explorer_data/kpf/Images/00344.jpg,design_explorer_data/kpf/Json/00344.json,344,-340,0.5,293.5,0.726454,109637.1531,15619.55548,0.491343
https://s3.amazonaws.com/2656-de/design_explorer_data/kpf/Images/00345.jpg,design_explorer_data/kpf/Json/00345.json,345,-340,0.6,282.5,0.717203,107052.1531,15769.55548,0.491315
https://s3.amazonaws.com/2656-de/design_explorer_data/kpf/Images/00346.jpg,design_explorer_data/kpf/Json/00346.json,346,-340,0.7,260.5,0.696184,103973.3459,15569.55548,0.488532
https://s3.amazonaws.com/2656-de/design_explorer_data/kpf/Images/00347.jpg,design_explorer_data/kpf/Json/00347.json,347,-340,0.8,260.5,0.692161,103751.2633,15743.55548,0.488499
https://s3.amazonaws.com/2656-de/design_explorer_data/kpf/Images/00348.jpg,design_explorer_data/kpf/Json/00348.json,348,-340,0.9,249.5,0.684111,102378.3459,15743.55548,0.489017
https://s3.amazonaws.com/2656-de/design_explorer_data/kpf/Images/00349.jpg,design_explorer_data/kpf/Json/00349.json,349,-340,1,238.5,0.67767,102466.9519,15418.55548,0.487867
https://s3.amazonaws.com/2656-de/design_explorer_data/kpf/Images/00350.jpg,design_explorer_data/kpf/Json/00350.json,350,-350,0.1,304.5,0.737774,116036.3206,16197.71542,0.498515
https://s3.amazonaws.com/2656-de/design_explorer_data/kpf/Images/00351.jpg,design_explorer_data/kpf/Json/00351.json,351,-350,0.2,304.5,0.726286,113918.6629,14097.71542,0.493498
https://s3.amazonaws.com/2656-de/design_explorer_data/kpf/Images/00352.jpg,design_explorer_data/kpf/Json/00352.json,352,-350,0.3,282.5,0.700031,108987.475,12622.71542,0.483877
https://s3.amazonaws.com/2656-de/design_explorer_data/kpf/Images/00353.jpg,design_explorer_data/kpf/Json/00353.json,353,-350,0.4,271.5,0.686175,106245.2871,12622.71542,0.481507
https://s3.amazonaws.com/2656-de/design_explorer_data/kpf/Images/00354.jpg,design_explorer_data/kpf/Json/00354.json,354,-350,0.5,260.5,0.675067,103177.0053,12622.71542,0.480483
https://s3.amazonaws.com/2656-de/design_explorer_data/kpf/Images/00355.jpg,design_explorer_data/kpf/Json/00355.json,355,-350,0.6,260.5,0.67055,102334.6295,12622.71542,0.479419
https://s3.amazonaws.com/2656-de/design_explorer_data/kpf/Images/00356.jpg,design_explorer_data/kpf/Json/00356.json,356,-350,0.7,249.5,0.651169,99427.44157,12622.71542,0.477296
https://s3.amazonaws.com/2656-de/design_explorer_data/kpf/Images/00357.jpg,design_explorer_data/kpf/Json/00357.json,357,-350,0.8,227.5,0.633593,97461.62947,12622.71542,0.475445
https://s3.amazonaws.com/2656-de/design_explorer_data/kpf/Images/00358.jpg,design_explorer_data/kpf/Json/00358.json,358,-350,0.9,227.5,0.625231,97750.81738,12622.71542,0.47453
https://s3.amazonaws.com/2656-de/design_explorer_data/kpf/Images/00359.jpg,design_explorer_data/kpf/Json/00359.json,359,-350,1,216.5,0.617145,97679.47504,12622.71542,0.472948
